Disk Name,SMART Attribute Name,SMART Attribute Id,TimeStamp,Timestamp UTC,Raw Value,Normalized Value
ST20000NM007D-3DJ103,Read Error Rate,1,2024-Mar-20 20:51:39,2024-Mar-20 19:51:39,22867470,83
ST20000NM007D-3DJ103,Spin Up Time,3,2024-Mar-20 20:51:39,2024-Mar-20 19:51:39,0,94
ST20000NM007D-3DJ103,Start/Stop Count,4,2024-Mar-20 20:51:39,2024-Mar-20 19:51:39,5,100
ST20000NM007D-3DJ103,Retired Sectors Count,5,2024-Mar-20 20:51:39,2024-Mar-20 19:51:39,0,100
ST20000NM007D-3DJ103,Seek Error Rate,7,2024-Mar-20 20:51:39,2024-Mar-20 19:51:39,18229391,73
ST20000NM007D-3DJ103,Power On Hours,9,2024-Mar-20 20:51:39,2024-Mar-20 19:51:39,96,100
ST20000NM007D-3DJ103,Spin Retry Count,10,2024-Mar-20 20:51:39,2024-Mar-20 19:51:39,0,100
ST20000NM007D-3DJ103,Drive Power Cycle Count,12,2024-Mar-20 20:51:39,2024-Mar-20 19:51:39,5,100
ST20000NM007D-3DJ103,Head Health Self Assessment,18,2024-Mar-20 20:51:39,2024-Mar-20 19:51:39,0,100
ST20000NM007D-3DJ103,Reported Un-correctable,187,2024-Mar-20 20:51:39,2024-Mar-20 19:51:39,0,100
ST20000NM007D-3DJ103,Command Timeout,188,2024-Mar-20 20:51:39,2024-Mar-20 19:51:39,4295032833,100
ST20000NM007D-3DJ103,Airflow Temperature,190,2024-Mar-20 20:51:39,2024-Mar-20 19:51:39,740622379,57
ST20000NM007D-3DJ103,Emergency Retract Count,192,2024-Mar-20 20:51:39,2024-Mar-20 19:51:39,1,100
ST20000NM007D-3DJ103,Load-Unload Count,193,2024-Mar-20 20:51:39,2024-Mar-20 19:51:39,14,100
ST20000NM007D-3DJ103,Temperature,194,2024-Mar-20 20:51:39,2024-Mar-20 19:51:39,107374182443,43
ST20000NM007D-3DJ103,Pending-Sparing Count,197,2024-Mar-20 20:51:39,2024-Mar-20 19:51:39,0,100
ST20000NM007D-3DJ103,Offline Uncorrectable Sector Count,198,2024-Mar-20 20:51:39,2024-Mar-20 19:51:39,0,100
ST20000NM007D-3DJ103,Ultra DMA CRC Error,199,2024-Mar-20 20:51:39,2024-Mar-20 19:51:39,0,200
ST20000NM007D-3DJ103,Pressure Measurement Limit,200,2024-Mar-20 20:51:39,2024-Mar-20 19:51:39,0,100
ST20000NM007D-3DJ103,Head Flight Hours,240,2024-Mar-20 20:51:39,2024-Mar-20 19:51:39,12028240596041823,100
ST20000NM007D-3DJ103,Lifetime Writes From Host,241,2024-Mar-20 20:51:39,2024-Mar-20 19:51:39,4543798887,100
ST20000NM007D-3DJ103,Lifetime Reads From Host,242,2024-Mar-20 20:51:39,2024-Mar-20 19:51:39,2444274254,100
